name,medium,context,description,time,lat,lon,place
Russian,Unknown,Food,Unknown; Food,2017-07-19 13:01:15 EEST,51.3346351,12.3748542,GERMANY
English,Unknown,Food,Unknown; Food,2017-07-19 14:25:35 EEST,51.33295784,12.37222217,GERMANY
English,Billboard,Service,Billboard; Service,2017-07-19 14:27:10 EEST,51.33242986,12.3712145,GERMANY
Denglish,Billboard,Food,Billboard; Food,2017-07-19 14:42:23 EEST,51.33253648,12.3736533,GERMANY
Denglish,Billboard,Service,Billboard; Service,2017-07-19 14:43:40 EEST,51.3322385,12.37376243,GERMANY
Denglish,Billboard,Service,Billboard; Service,2017-07-19 14:45:42 EEST,51.33132488,12.37389939,GERMANY
English,Billboard,Food,Billboard; Food,2017-07-19 14:47:05 EEST,51.33134793,12.37237849,GERMANY
"English,Denglish",Handwritten,Food,Handwritten; Food,2017-07-19 14:42:17 EEST,51.33247186,12.37339765,GERMANY
English,Fixed Signage,Unknown,Fixed Signage; Unknown,2017-07-19 15:17:15 EEST,51.33219263,12.36784019,GERMANY
English,Unknown,Unknown,Unknown; Unknown,2017-07-19 15:19:24 EEST,51.3323548,12.36755079,GERMANY
Spanish,Handwritten,Unknown,Handwritten; Unknown,2017-07-19 15:28:18 EEST,51.33183965,12.36848585,GERMANY
English,Graffiti,Unknown,Graffiti; Unknown,2017-07-19 13:58:46 EEST,51.33221236,12.36850203,GERMANY
English,Graffiti,Unknown,Graffiti; Unknown,2017-07-19 14:00:24 EEST,51.33223352,12.36874019,GERMANY
English,Graffiti,Unknown,Graffiti; Unknown,2017-07-19 14:01:01 EEST,51.33241661,12.37017306,GERMANY
Unknown,Fixed Signage,Unknown,Fixed Signage; Unknown,2017-07-19 14:04:47 EEST,51.33299964,12.37121302,GERMANY
English,Fixed Signage,Food,Fixed Signage; Food,2017-07-19 14:06:20 EEST,51.33259334,12.37150126,GERMANY
English,Signage,Shopping,Signage; Shopping,2017-07-19 14:03:44 EEST,51.333159,12.373719,GERMANY
Denglish,Signage,Service,Signage; Service,2017-07-19 14:38:34 EEST,51.3399946,12.3745113,GERMANY
English,Signage,Shopping,Signage; Shopping,2017-07-19 14:42:20 EEST,51.3399009,12.375387,GERMANY
English,Signage,Shopping,Signage; Shopping,2017-07-19 14:54:39 EEST,51.340592,12.37698,GERMANY
English,Signage,Service,Signage; Service,2017-07-19 15:02:33 EEST,51.3383246,12.376075,GERMANY
Unknown,Graffiti,Unknown,Graffiti; Unknown,2017-07-19 14:49:00 EEST,51.33163379,12.37126018,GERMANY
Unknown,Fixed Signage,Food,Fixed Signage; Food,2017-07-19 16:59:45 EEST,51.33236545,12.3658878,GERMANY
English,Signage,Service,Signage; Service,2017-07-19 16:49:48 EEST,51.3323675,12.3679704,GERMANY
English,Signage,Culture,Signage; Culture,2017-07-19 16:51:55 EEST,51.3324246,12.3683103,GERMANY
Hebrew,Signage,Culture,Signage; Culture,2017-07-19 16:53:19 EEST,51.3324147,12.368307,GERMANY
Unknown,Signage,Culture,Signage; Culture,2017-07-19 16:54:30 EEST,51.3323926,12.368125,GERMANY
,Signage,Culture,Signage; Culture,2017-07-19 16:55:03 EEST,51.3323981,12.3681705,GERMANY
Arabic,Signage,Culture,Signage; Culture,2017-07-19 16:56:23 EEST,51.3323926,12.368125,GERMANY
English,Graffiti,Unknown,Graffiti; Unknown,2017-07-19 17:14:50 EEST,51.33218595,12.36825302,GERMANY
English,Graffiti,Unknown,Graffiti; Unknown,2017-07-19 19:11:39 EEST,51.33309622,12.37379847,GERMANY
Spanish,Graffiti,Unknown,Graffiti; Unknown,2017-07-19 19:15:36 EEST,51.33544135,12.3750928,GERMANY
English,Graffiti,Unknown,Graffiti; Unknown,2017-07-19 19:19:59 EEST,51.33701716,12.37735935,GERMANY
Denglish,Billboard,Service,Billboard; Service,2017-07-19 19:21:37 EEST,51.33778636,12.37789957,GERMANY
English,Graffiti,Unknown,Graffiti; Unknown,2017-07-19 19:24:06 EEST,51.33921992,12.37814197,GERMANY
English,Billboard,Food,Billboard; Food,2017-07-19 19:25:44 EEST,51.34016887,12.37805656,GERMANY
Italian,Fixed Signage,Food,Fixed Signage; Food,2017-07-19 19:28:29 EEST,51.3242597,12.37343922,GERMANY
Italian,Billboard,Food,Billboard; Food,2017-07-19 19:28:08 EEST,51.34168294,12.3780636,GERMANY
English,Billboard,Service,Billboard; Service,2017-07-19 19:30:09 EEST,51.34252173,12.37893281,GERMANY
English,Unknown,Unknown,Unknown; Unknown,2017-07-19 18:59:10 EEST,51.33224816,12.36797817,GERMANY
English,Unknown,Unknown,Unknown; Unknown,2017-07-19 19:03:34 EEST,51.33169871,12.37086221,GERMANY
English,Unknown,Unknown,Unknown; Unknown,2017-07-19 19:06:12 EEST,51.33156011,12.37289381,GERMANY
English,Billboard,Food,Billboard; Food,2017-07-19 19:19:40 EEST,51.33040966,12.37356529,GERMANY
Italian,Fixed Signage,Food,Fixed Signage; Food,2017-07-19 19:21:54 EEST,51.32886034,12.37353126,GERMANY
English,Billboard,Service,Billboard; Service,2017-07-19 20:44:21 EEST,51.33841523,12.3787851,GERMANY
"Spanish,English",Billboard,Service,Billboard; Service,2017-07-19 20:44:53 EEST,51.34080162,12.3781698,GERMANY
English,Billboard,Food,Billboard; Food,2017-07-19 20:53:57 EEST,51.33834545,12.37878385,GERMANY
Italian,Billboard,Food,Billboard; Food,2017-07-19 20:56:34 EEST,51.34068532,12.37409117,GERMANY
Unknown,Fixed Signage,Food,Fixed Signage; Food,2017-07-19 14:37:45 EEST,51.3329539,12.37779069,GERMANY
English,Fixed Signage,Food,Fixed Signage; Food,2017-07-19 14:39:43 EEST,51.33199974,12.37837642,GERMANY
English,Fixed Signage,Food,Fixed Signage; Food,2017-07-19 14:45:27 EEST,51.32999408,12.380001,GERMANY
English,Fixed Signage,Service,Fixed Signage; Service,2017-07-19 14:48:36 EEST,51.32893691,12.37923833,GERMANY
English,Unknown,Service,Unknown; Service,2017-07-19 14:57:51 EEST,51.33124028,12.37999579,GERMANY
English,Fixed Signage,Food,Fixed Signage; Food,2017-07-19 19:18:19 EEST,51.34007521,12.37499457,GERMANY
English,Fixed Signage,Food,Fixed Signage; Food,2017-07-19 19:22:31 EEST,51.34096119,12.37514906,GERMANY
"English,Unknown",Fixed Signage,Food,Fixed Signage; Food,2017-07-19 19:47:13 EEST,51.3156473,12.3763487,GERMANY
English,Unknown,Unknown,Unknown; Unknown,2017-07-19 20:07:32 EEST,51.310509,12.3763521,GERMANY
English,Graffiti,Unknown,Graffiti; Unknown,2017-07-19 20:18:48 EEST,51.307298,12.3815843,GERMANY
English,Graffiti,Unknown,Graffiti; Unknown,2017-07-19 20:39:26 EEST,51.3071396,12.3761773,GERMANY
Spanish,Fixed Signage,Unknown,Fixed Signage; Unknown,2017-07-19 20:44:57 EEST,51.3095002,12.3745161,GERMANY
"English,French,Arabic","Fixed Signage,Unknown",Unknown,"Fixed Signage,Unknown; Unknown",2017-07-19 20:47:23 EEST,51.3106163,12.3735127,GERMANY
Italian,Fixed Signage,Food,Fixed Signage; Food,2017-07-19 21:03:38 EEST,51.3256525,12.3702223,GERMANY
Denglish,Fixed Signage,"Service,Fashion","Fixed Signage; Service,Fashion",2017-07-19 20:37:17 EEST,51.33760635,12.3746303,GERMANY
Unknown,Fixed Signage,Food,Fixed Signage; Food,2017-07-19 20:41:23 EEST,51.33917364,12.37639462,GERMANY
English,Fixed Signage,Service,Fixed Signage; Service,2017-07-19 20:42:16 EEST,51.33950198,12.37648747,GERMANY
English,Unknown,Unknown,Unknown; Unknown,2017-07-19 20:45:40 EEST,51.34056672,12.37818684,GERMANY
Spanish,Unknown,Service,Unknown; Service,2017-07-19 20:46:44 EEST,51.34050989,12.3782047,GERMANY
French,Fixed Signage,Food,Fixed Signage; Food,2017-07-19 21:02:51 EEST,51.34107554,12.37262292,GERMANY
"English,Denglish",Fixed Signage,Service,Fixed Signage; Service,2017-07-19 22:23:35 EEST,51.34106838,12.38774757,GERMANY
Denglish,Fixed Signage,Service,Fixed Signage; Service,2017-07-19 22:19:21 EEST,51.34192084,12.38525346,GERMANY
Spanish,"Fixed Signage,Unknown",Unknown,"Fixed Signage,Unknown; Unknown",2017-07-19 22:19:04 EEST,51.34194724,12.38525399,GERMANY
Unknown,Unknown,Food,Unknown; Food,2017-07-19 21:51:30 EEST,51.34353222,12.38691009,GERMANY
Unknown,Unknown,Food,Unknown; Food,2017-07-19 21:50:00 EEST,51.34335855,12.38646985,GERMANY
"French,Arabic",Unknown,Food,Unknown; Food,2017-07-19 21:49:30 EEST,51.34329107,12.38607431,GERMANY
Arabic,Fixed Signage,Service,Fixed Signage; Service,2017-07-19 21:47:01 EEST,51.34372821,12.38592672,GERMANY
English,Fixed Signage,"Food,Service","Fixed Signage; Food,Service",2017-07-19 21:46:22 EEST,51.34343778,12.38622862,GERMANY
Arabic,Fixed Signage,Service,Fixed Signage; Service,2017-07-19 21:46:09 EEST,51.3434455,12.38625886,GERMANY
"English,Arabic",Fixed Signage,Service,Fixed Signage; Service,2017-07-19 21:45:30 EEST,51.34342852,12.38599933,GERMANY
English,Billboard,Food,Billboard; Food,2017-07-19 21:45:13 EEST,51.34341115,12.38622919,GERMANY
Unknown,Fixed Signage,Service,Fixed Signage; Service,2017-07-19 21:44:02 EEST,51.34337744,12.38481215,GERMANY
English,Billboard,Service,Billboard; Service,2017-07-19 21:43:04 EEST,51.34342589,12.38425161,GERMANY
English,Fixed Signage,Service,Fixed Signage; Service,2017-07-19 21:42:36 EEST,51.34342164,12.38453124,GERMANY
"English,Denglish",Billboard,Food,Billboard; Food,2017-07-19 21:39:43 EEST,51.34308661,12.38264148,GERMANY
English,Fixed Signage,Service,Fixed Signage; Service,2017-07-19 21:36:41 EEST,51.34457266,12.37882438,GERMANY
Denglish,Billboard,Food,Billboard; Food,2017-07-19 21:34:57 EEST,51.3441568,12.37914865,GERMANY
"English,French,Spanish",Graffiti,Unknown,Graffiti; Unknown,2017-07-19 21:33:44 EEST,51.344249,12.37306386,GERMANY
English,Fixed Signage,Unknown,Fixed Signage; Unknown,2017-07-19 21:29:09 EEST,51.344249,12.37306386,GERMANY
English,"Fixed Signage,Billboard",Service,"Fixed Signage,Billboard; Service",2017-07-19 21:26:48 EEST,51.34328961,12.37304165,GERMANY
English,Unknown,Unknown,Unknown; Unknown,2017-07-19 21:25:56 EEST,51.34338415,12.37336345,GERMANY
English,Billboard,Service,Billboard; Service,2017-07-19 21:25:37 EEST,51.34346092,12.37419947,GERMANY
Unknown,Fixed Signage,Service,Fixed Signage; Service,2017-07-19 21:14:31 EEST,51.34347092,12.37332185,GERMANY
English,Fixed Signage,"Service,Food","Fixed Signage; Service,Food",2017-07-19 21:07:08 EEST,51.34272995,12.3721523,GERMANY
English,Billboard,"Fashion,Service","Billboard; Fashion,Service",2017-07-19 21:06:35 EEST,51.34273014,12.37213303,GERMANY
English,Billboard,Service,Billboard; Service,2017-07-19 22:50:58 EEST,51.3408178,12.3777155,GERMANY
English,Billboard,"Service,Fashion","Billboard; Service,Fashion",2017-07-19 22:52:06 EEST,51.34107789,12.37815262,GERMANY
English,Fixed Signage,Food,Fixed Signage; Food,2017-07-19 20:27:55 EEST,51.33118993,12.37392168,GERMANY
Russian,Fixed Signage,Unknown,Fixed Signage; Unknown,2017-07-19 13:02:55 EEST,51.3318258,12.3687591,GERMANY
English,Billboard,Food,Billboard; Food,2017-07-19 20:26:37 EEST,51.3368061,12.3766966,GERMANY
"English,Chinese",Fixed Signage,Service,Fixed Signage; Service,2017-07-19 20:28:15 EEST,51.3371473,12.3776341,GERMANY
Denglish,Billboard,Service,Billboard; Service,2017-07-19 20:29:38 EEST,51.3376568,12.3779519,GERMANY
English,Billboard,Food,Billboard; Food,2017-07-19 20:31:13 EEST,51.3386498,12.3779329,GERMANY
English,Unknown,Food,Unknown; Food,2017-07-19 20:43:19 EEST,51.3406277,12.3789502,GERMANY
French,Billboard,Service,Billboard; Service,2017-07-19 22:54:31 EEST,51.34205719,12.37834398,GERMANY
English,Billboard,Service,Billboard; Service,2017-07-19 22:55:19 EEST,51.34194315,12.37835521,GERMANY
English,Billboard,Service,Billboard; Service,2017-07-19 22:56:22 EEST,51.34208783,12.37868898,GERMANY
Unknown,"Fixed Signage,Poster",Food,"Fixed Signage,Poster; Food",2017-07-19 19:38:44 EEST,51.3451047,12.35761762,GERMANY
English,"Fixed Signage,Signage",Unknown,"Fixed Signage,Signage; Unknown",2017-07-19 19:49:45 EEST,51.34557712,12.35880834,GERMANY
Vietnamese,"Fixed Signage,Signage",Food,"Fixed Signage,Signage; Food",2017-07-19 20:00:12 EEST,51.34253509,12.36199492,GERMANY
"French,English","Fixed Signage,Signage","Unknown,Education","Fixed Signage,Signage; Unknown,Education",2017-07-19 20:01:41 EEST,51.34229245,12.36287003,GERMANY
Italian,"Fixed Signage,Signage",Food,"Fixed Signage,Signage; Food",2017-07-19 20:06:48 EEST,51.34223269,12.36330468,GERMANY
English,"Fixed Signage,Signage",Unknown,"Fixed Signage,Signage; Unknown",2017-07-19 19:37:00 EEST,51.34469885,12.3578019,GERMANY
English,Unknown,Unknown,Unknown; Unknown,2017-07-19 19:09:58 EEST,51.33170299,12.36894578,GERMANY
English,Graffiti,Unknown,Graffiti; Unknown,2017-07-19 19:15:20 EEST,,,GERMANY
English,Billboard,Fashion,Billboard; Fashion,2017-07-19 19:24:34 EEST,,,GERMANY
English,Fixed Signage,Food,Fixed Signage; Food,2017-07-19 20:38:41 EEST,51.33170299,12.36894578,GERMANY
English,Fixed Signage,Fashion,Fixed Signage; Fashion,2017-07-19 22:47:42 EEST,,,GERMANY
Italian,Fixed Signage,Fashion,Fixed Signage; Fashion,2017-07-19 22:48:31 EEST,,,GERMANY
English,Billboard,Unknown,Billboard; Unknown,2017-07-20 03:46:55 EEST,51.34110396,12.38441784,GERMANY
English,"Fixed Signage,Inscription","Unknown,Culture","Fixed Signage,Inscription; Unknown,Culture",2017-07-20 09:14:43 EEST,51.3399577,12.37010993,GERMANY
Hebrew,"Fixed Signage,Inscription","Unknown,Culture","Fixed Signage,Inscription; Unknown,Culture",2017-07-20 09:15:33 EEST,51.33976253,12.36950776,GERMANY
Braille,"Fixed Signage,Inscription","Unknown,Culture","Fixed Signage,Inscription; Unknown,Culture",2017-07-20 09:16:37 EEST,51.33983452,12.36952884,GERMANY
Hebrew,"Fixed Signage,Inscription","Unknown,Culture","Fixed Signage,Inscription; Unknown,Culture",2017-07-20 09:17:41 EEST,51.33995037,12.36983328,GERMANY
French,"Fixed Signage,Signage",Food,"Fixed Signage,Signage; Food",2017-07-20 09:20:08 EEST,51.33916302,12.36883595,GERMANY
French,Unknown,Food,Unknown; Food,2017-07-20 09:20:55 EEST,51.33904299,12.36880586,GERMANY
"French,English",Billboard,Food,Billboard; Food,2017-07-20 09:46:28 EEST,51.34255943,12.37858135,GERMANY
Denglish,Fixed Signage,Fashion,Fixed Signage; Fashion,2017-07-20 10:34:54 EEST,51.34357186,12.37937561,GERMANY
English,Fixed Signage,Food,Fixed Signage; Food,2017-07-20 09:48:50 EEST,51.34143457,12.37808287,GERMANY
English,Billboard,Service,Billboard; Service,2017-07-20 11:31:41 EEST,51.3247865,12.3736366,GERMANY
Italian,Fixed Signage,Food,Fixed Signage; Food,2017-07-20 11:33:51 EEST,51.32375748,12.37345263,GERMANY
Unknown,Fixed Signage,Fashion,Fixed Signage; Fashion,2017-07-20 11:35:58 EEST,51.32457418,12.37387508,GERMANY
Italian,Fixed Signage,Fashion,Fixed Signage; Fashion,2017-07-20 11:37:19 EEST,51.32480905,12.37404507,GERMANY
Vietnamese,Fixed Signage,Food,Fixed Signage; Food,2017-07-20 11:46:46 EEST,51.33005062,12.3737755,GERMANY
English,Signage,Culture,Signage; Culture,2017-07-19 19:05:38 EEST,51.3291056,12.3712517,GERMANY
English,Billboard,Food,Billboard; Food,2017-07-20 10:07:34 EEST,51.33271835,12.37189947,GERMANY
English,Billboard,Food,Billboard; Food,2017-07-20 10:05:42 EEST,51.33277036,12.37358627,GERMANY
English,Billboard,Food,Billboard; Food,2017-07-20 10:01:36 EEST,51.33464166,12.37553347,GERMANY
English,Billboard,Food,Billboard; Food,2017-07-20 09:54:06 EEST,51.33676311,12.38104978,GERMANY
English,Billboard,Food,Billboard; Food,2017-07-20 09:51:33 EEST,51.3398023,12.38211266,GERMANY
English,Billboard,Food,Billboard; Food,2017-07-20 09:47:55 EEST,51.34048835,12.38241866,GERMANY
English,Handwritten,Food,Handwritten; Food,2017-07-20 09:46:29 EEST,51.3406734,12.3832715,GERMANY
English,Billboard,Food,Billboard; Food,2017-07-20 09:44:29 EEST,51.34117878,12.38497778,GERMANY
English,Billboard,Food,Billboard; Food,2017-07-20 09:42:36 EEST,51.3410292,12.38685303,GERMANY
English,Billboard,Food,Billboard; Food,2017-07-20 09:40:34 EEST,51.33175579,12.36891226,GERMANY
"English,Arabic,Unknown",Fixed Signage,Unknown,Fixed Signage; Unknown,2017-07-19 20:12:24 EEST,51.3322108,12.3690469,GERMANY
Unknown,Fixed Signage,Unknown,Fixed Signage; Unknown,2017-07-19 20:19:54 EEST,51.3346351,12.3748542,GERMANY
Denglish,Fixed Signage,Service,Fixed Signage; Service,2017-07-19 20:27:19 EEST,51.3346351,12.3748542,GERMANY
English,Unknown,Unknown,Unknown; Unknown,2017-07-19 20:36:10 EEST,51.3406206,12.3784521,GERMANY
English,Note,Shopping,Note; Shopping,2017-07-20 14:59:00 EEST,51.33919704,12.37664062,GERMANY
"English,Spanish",Sticker,Politico-social,Sticker; Politico-social,2017-07-20 14:43:56 EEST,51.335253,12.3741365,GERMANY
English,Sticker,Politico-social,Sticker; Politico-social,2017-07-20 14:58:47 EEST,51.3325187,12.3712212,GERMANY
Latin,Inscription,Politico-social,Inscription; Politico-social,2017-07-20 14:44:27 EEST,51.33538742,12.37500649,GERMANY
Latin,Signage,Education,Signage; Education,2017-07-20 14:46:21 EEST,51.33558261,12.37334413,GERMANY
Latin,Inscription,Politico-social,Inscription; Politico-social,2017-07-20 14:49:18 EEST,51.33557952,12.37348239,GERMANY
English,Signage,Service,Signage; Service,2017-07-20 14:54:42 EEST,51.33534318,12.37148589,GERMANY
"Arabic,Chinese,English,French,Hebrew,Italian,Russian,Turkish,Vietnamese",Poster,Culture,Poster; Culture,2017-07-20 14:52:10 EEST,51.335398,12.37257,GERMANY
Spanish,Graffiti,Politico-social,Graffiti; Politico-social,2017-07-20 16:28:15 EEST,51.3318258,12.3687591,GERMANY
Arabic,Poster,Culture,Poster; Culture,2017-07-20 17:07:53 EEST,51.33216268,12.36841459,GERMANY
English,Inscription,Education,Inscription; Education,2017-07-20 17:16:59 EEST,,,GERMANY
English,,Entertainment,; Entertainment,2017-07-20 17:16:37 EEST,51.33073775,12.37225872,GERMANY
Latin,Signage,Service,Signage; Service,2017-07-20 17:25:20 EEST,51.3295271,12.37795673,GERMANY
French,Signage,Food,Signage; Food,2017-07-20 17:28:33 EEST,51.32861789,12.37773947,GERMANY
Italian,Billboard,Service,Billboard; Service,2017-07-20 17:30:47 EEST,51.32759259,12.3775202,GERMANY
Latin,Signage,Service,Signage; Service,2017-07-20 17:41:31 EEST,51.3244403,12.37320989,GERMANY
Italian,Billboard,Service,Billboard; Service,2017-07-20 17:45:48 EEST,51.32345745,12.36949839,GERMANY
Italian,Poster,Entertainment,Poster; Entertainment,2017-07-20 17:49:08 EEST,51.32435775,12.37219702,GERMANY
English,Fixed Signage,Unknown,Fixed Signage; Unknown,2017-07-20 14:17:37 EEST,51.3324274,12.3713862,GERMANY
"English,French",Unknown,Unknown,Unknown; Unknown,2017-07-20 18:23:23 EEST,51.3384724,12.3319989,GERMANY
Arabic,Signage,Service,Signage; Service,2017-07-20 18:10:56 EEST,,,GERMANY
Italian,Sticker,Politico-social,Sticker; Politico-social,2017-07-20 18:12:57 EEST,,,GERMANY
Arabic,Note,"Service,Politico-social","Note; Service,Politico-social",2017-07-20 18:14:10 EEST,,,GERMANY
English,Graffiti,Politico-social,Graffiti; Politico-social,2017-07-20 18:17:04 EEST,,,GERMANY
English,Sticker,,Sticker; ,2017-07-20 18:21:31 EEST,,,GERMANY
English,Sticker,Politico-social,Sticker; Politico-social,2017-07-20 18:22:19 EEST,,,GERMANY
English,Sticker,Politico-social,Sticker; Politico-social,2017-07-20 18:22:52 EEST,,,GERMANY
Unknown,Sticker,Culture,Sticker; Culture,2017-07-20 18:24:14 EEST,,,GERMANY
English,Sticker,Politico-social,Sticker; Politico-social,2017-07-20 18:25:45 EEST,,,GERMANY
English,Sticker,Politico-social,Sticker; Politico-social,2017-07-20 18:27:07 EEST,,,GERMANY
English,Note,Shopping,Note; Shopping,2017-07-20 18:35:30 EEST,,,GERMANY
Denglish,Billboard,Shopping,Billboard; Shopping,2017-07-20 19:23:31 EEST,,,GERMANY
English,Sticker,Politico-social,Sticker; Politico-social,2017-07-20 19:31:17 EEST,,,GERMANY
English,Sticker,Politico-social,Sticker; Politico-social,2017-07-20 19:31:39 EEST,,,GERMANY
English,Sticker,Politico-social,Sticker; Politico-social,2017-07-20 19:31:59 EEST,,,GERMANY
Hebrew,Sticker,Politico-social,Sticker; Politico-social,2017-07-20 19:32:32 EEST,,,GERMANY
English,Sticker,Politico-social,Sticker; Politico-social,2017-07-20 19:33:26 EEST,,,GERMANY
English,Sticker,Politico-social,Sticker; Politico-social,2017-07-20 19:34:01 EEST,,,GERMANY
English,Sticker,Politico-social,Sticker; Politico-social,2017-07-20 19:34:34 EEST,,,GERMANY
English,Sticker,Entertainment,Sticker; Entertainment,2017-07-20 19:35:20 EEST,,,GERMANY
English,Signage,Politico-social,Signage; Politico-social,2017-07-20 19:36:04 EEST,,,GERMANY
English,Graffiti,,Graffiti; ,2017-07-20 19:36:50 EEST,,,GERMANY
English,Sticker,Politico-social,Sticker; Politico-social,2017-07-20 19:39:34 EEST,,,GERMANY
English,Sticker,Politico-social,Sticker; Politico-social,2017-07-20 19:41:21 EEST,,,GERMANY
Unknown,Signage,Shopping,Signage; Shopping,2017-07-20 19:45:40 EEST,,,GERMANY
English,Signage,Shopping,Signage; Shopping,2017-07-20 19:46:21 EEST,,,GERMANY
Japanese,Signage,Service,Signage; Service,2017-07-20 19:48:18 EEST,,,GERMANY
English,Signage,Shopping,Signage; Shopping,2017-07-20 19:49:23 EEST,,,GERMANY
English,Sticker,Politico-social,Sticker; Politico-social,2017-07-20 19:51:20 EEST,,,GERMANY
English,Billboard,Food,Billboard; Food,2017-07-20 19:52:16 EEST,,,GERMANY
"English,Unknown",Poster,Entertainment,Poster; Entertainment,2017-07-20 19:52:48 EEST,,,GERMANY
Chinese,Signage,Food,Signage; Food,2017-07-20 19:55:03 EEST,,,GERMANY
Italian,Signage,Food,Signage; Food,2017-07-20 19:55:50 EEST,,,GERMANY
Spanish,Signage,Food,Signage; Food,2017-07-20 19:56:30 EEST,,,GERMANY
Unknown,Signage,Food,Signage; Food,2017-07-20 19:57:08 EEST,,,GERMANY
English,Signage,Entertainment,Signage; Entertainment,2017-07-20 19:57:48 EEST,,,GERMANY
French,Signage,Food,Signage; Food,2017-07-20 19:58:44 EEST,,,GERMANY
Italian,Signage,Food,Signage; Food,2017-07-20 19:59:52 EEST,,,GERMANY
English,Signage,,Signage; ,2017-07-20 20:00:28 EEST,,,GERMANY
English,Graffiti,Inspirational,Graffiti; Inspirational,2017-07-20 20:04:01 EEST,,,GERMANY
English,Billboard,Shopping,Billboard; Shopping,2017-07-20 20:05:11 EEST,,,GERMANY
English,Graffiti,Politico-social,Graffiti; Politico-social,2017-07-20 20:05:59 EEST,,,GERMANY
English,Poster,Entertainment,Poster; Entertainment,2017-07-20 20:06:58 EEST,,,GERMANY
English,Poster,Entertainment,Poster; Entertainment,2017-07-20 20:08:46 EEST,,,GERMANY
English,Signage,Culture,Signage; Culture,2017-07-20 20:09:38 EEST,,,GERMANY
Chinese,Poster,Culture,Poster; Culture,2017-07-20 20:11:18 EEST,,,GERMANY
English,Graffiti,Politico-social,Graffiti; Politico-social,2017-07-20 20:15:46 EEST,,,GERMANY
English,Sticker,,Sticker; ,2017-07-20 20:19:26 EEST,,,GERMANY
English,Graffiti,Inspirational,Graffiti; Inspirational,2017-07-20 20:22:12 EEST,,,GERMANY
English,Graffiti,Inspirational,Graffiti; Inspirational,2017-07-20 20:23:36 EEST,,,GERMANY
English,Billboard,Shopping,Billboard; Shopping,2017-07-20 20:24:24 EEST,,,GERMANY
English,Graffiti,Inspirational,Graffiti; Inspirational,2017-07-20 20:27:12 EEST,,,GERMANY
English,Signage,Culture,Signage; Culture,2017-07-20 20:32:20 EEST,,,GERMANY
"English,French",Sticker,,Sticker; ,2017-07-20 20:33:54 EEST,51.34076684,12.38839439,GERMANY
English,Signage,Food,Signage; Food,2017-07-20 20:35:05 EEST,,,GERMANY
English,Poster,Entertainment,Poster; Entertainment,2017-07-20 17:42:42 EEST,51.33233393,12.33996307,GERMANY
Italian,Signage,Service,Signage; Service,2017-07-20 17:49:20 EEST,51.33771708,12.33223035,GERMANY
Spanish,Poster,Culture,Poster; Culture,2017-07-20 17:52:53 EEST,51.33806127,12.33188171,GERMANY
Arabic,Signage,Service,Signage; Service,2017-07-20 18:27:32 EEST,51.33774093,12.33221887,GERMANY
Italian,Signage,Service,Signage; Service,2017-07-20 19:13:18 EEST,51.3362728,12.33301071,GERMANY
English,Billboard,Food,Billboard; Food,2017-07-20 19:22:02 EEST,51.33498047,12.33056185,GERMANY
English,Sticker,Politico-social,Sticker; Politico-social,2017-07-20 19:39:36 EEST,51.33243179,12.32788257,GERMANY
English,Sticker,Inspirational,Sticker; Inspirational,2017-07-20 19:56:38 EEST,51.32870017,12.3329491,GERMANY
Spanish,Graffiti,Inspirational,Graffiti; Inspirational,2017-07-20 20:03:33 EEST,51.32843283,12.33284055,GERMANY
English,Sticker,Politico-social,Sticker; Politico-social,2017-07-20 20:08:02 EEST,51.32821884,12.3282243,GERMANY
English,Graffiti,,Graffiti; ,2017-07-20 20:08:38 EEST,51.32817676,12.32824258,GERMANY
Denglish,Poster,Entertainment,Poster; Entertainment,2017-07-20 20:11:48 EEST,51.3291641,12.32743221,GERMANY
English,Graffiti,Politico-social,Graffiti; Politico-social,2017-07-20 20:14:44 EEST,51.32933078,12.32689376,GERMANY
Denglish,Signage,Entertainment,Signage; Entertainment,2017-07-20 20:15:47 EEST,51.32923887,12.32612288,GERMANY
"English,Italian,French",Signage,Service,Signage; Service,2017-07-20 20:21:43 EEST,51.32910887,12.32554687,GERMANY
Latin,Poster,Culture,Poster; Culture,2017-07-20 20:23:38 EEST,51.32887405,12.3215561,GERMANY
"English,Japanese",Poster,Entertainment,Poster; Entertainment,2017-07-20 19:02:15 EEST,51.3375365,12.3340245,GERMANY
English,Sticker,Culture,Sticker; Culture,2017-07-20 19:17:43 EEST,51.3349883,12.3306059,GERMANY
English,Billboard,Shopping,Billboard; Shopping,2017-07-20 19:26:42 EEST,51.3337999,12.3286899,GERMANY
English,Sticker,Service,Sticker; Service,2017-07-20 19:31:57 EEST,51.3333288,12.32888,GERMANY
Italian,Poster,Food,Poster; Food,2017-07-20 19:43:44 EEST,51.3313171,12.3295251,GERMANY
English,Sticker,Politico-social,Sticker; Politico-social,2017-07-20 19:53:08 EEST,51.3286099,12.3328991,GERMANY
Chinese,Billboard,Culture,Billboard; Culture,2017-07-20 20:10:07 EEST,51.3292852,12.3275639,GERMANY
,Poster,Shopping,Poster; Shopping,2017-07-20 13:50:39 EEST,51.33476482,12.36959428,GERMANY
Japanese,Poster,Service,Poster; Service,2017-07-20 22:42:03 EEST,51.32884375,12.32222127,GERMANY
English,Signage,Service,Signage; Service,2017-07-20 22:51:08 EEST,51.328348,12.32192296,GERMANY
English,Sticker,Entertainment,Sticker; Entertainment,2017-07-20 17:36:26 EEST,51.3376527,12.3339505,GERMANY
English,,Service,; Service,2017-07-20 17:39:09 EEST,51.3372637,12.3341355,GERMANY
Arabic,Signage,Food,Signage; Food,2017-07-20 17:48:09 EEST,51.3380107,12.3324161,GERMANY
English,Sticker,,Sticker; ,2017-07-20 18:34:29 EEST,51.3369176,12.3349687,GERMANY
English,Graffiti,Politico-social,Graffiti; Politico-social,2017-07-20 19:24:11 EEST,51.33707148,12.33502187,GERMANY
Denglish,Graffiti,Politico-social,Graffiti; Politico-social,2017-07-20 19:31:37 EEST,51.3352474,12.3334407,GERMANY
English,Graffiti,Politico-social,Graffiti; Politico-social,2017-07-20 19:32:32 EEST,51.3352089,12.3334289,GERMANY
English,Poster,Culture,Poster; Culture,2017-07-20 19:34:13 EEST,51.3351897,12.3334584,GERMANY
English,Signage,Service,Signage; Service,2017-07-20 19:48:00 EEST,51.3330081,12.3347524,GERMANY
English,Graffiti,Inspirational,Graffiti; Inspirational,2017-07-20 19:49:07 EEST,51.3327628,12.3347563,GERMANY
English,Sticker,Service,Sticker; Service,2017-07-20 19:53:48 EEST,51.3324083,12.3351666,GERMANY
French,"Poster,Signage",Food,"Poster,Signage; Food",2017-07-20 19:56:56 EEST,51.3316281,12.334322,GERMANY
English,Poster,Politico-social,Poster; Politico-social,2017-07-20 22:07:01 EEST,51.3298946,12.3292265,GERMANY
English,Graffiti,Politico-social,Graffiti; Politico-social,2017-07-20 22:09:19 EEST,51.33103373,12.33159513,GERMANY
English,Graffiti,Politico-social,Graffiti; Politico-social,2017-07-20 22:11:35 EEST,51.3310909,12.3334975,GERMANY
English,Note,Food,Note; Food,2017-07-20 21:41:03 EEST,51.32768684,12.31993053,GERMANY
English,Note,Food,Note; Food,2017-07-20 21:44:33 EEST,51.32768765,12.31992669,GERMANY
English,Sticker,Politico-social,Sticker; Politico-social,2017-07-21 09:25:02 EEST,51.33846484,12.3880726,GERMANY
English,Graffiti,Culture,Graffiti; Culture,2017-07-21 09:27:01 EEST,51.33818991,12.38715106,GERMANY
"Arabic,English,French,Russian,Turkish",Signage,Politico-social,Signage; Politico-social,2017-07-21 09:27:50 EEST,51.33785522,12.38604143,GERMANY
"English,French",Signage,Service,Signage; Service,2017-07-21 09:30:42 EEST,51.33776221,12.38606328,GERMANY
"Arabic,Turkish",Signage,Food,Signage; Food,2017-07-21 09:33:58 EEST,51.33790429,12.38465917,GERMANY
English,Signage,Culture,Signage; Culture,2017-07-21 09:37:57 EEST,51.33631158,12.38348983,GERMANY
English,Note,Service,Note; Service,2017-07-21 09:48:30 EEST,51.33486181,12.37475608,GERMANY
English,Sticker,Politico-social,Sticker; Politico-social,2017-07-21 09:51:58 EEST,51.33338263,12.37370638,GERMANY
English,Signage,Shopping,Signage; Shopping,2017-07-20 17:46:54 EEST,51.337757,12.3336962,GERMANY
English,Billboard,"Service,Culture","Billboard; Service,Culture",2017-07-20 17:50:23 EEST,51.3377789,12.3322879,GERMANY
Unknown,Billboard,Shopping,Billboard; Shopping,2017-07-20 17:53:24 EEST,51.3377854,12.3322834,GERMANY
Unknown,Poster,Culture,Poster; Culture,2017-07-20 18:27:08 EEST,51.3380181,12.3323297,GERMANY
English,Signage,Service,Signage; Service,2017-07-20 23:44:41 EEST,,,GERMANY
Denglish,Sticker,Inspirational,Sticker; Inspirational,2017-07-21 14:38:45 EEST,51.332712,12.37190625,GERMANY
English,Sticker,Inspirational,Sticker; Inspirational,2017-07-21 14:39:37 EEST,51.33277519,12.37188429,GERMANY
English,Sticker,Politico-social,Sticker; Politico-social,2017-07-21 14:38:04 EEST,51.3328496,12.3724754,GERMANY
English,Graffiti,Politico-social,Graffiti; Politico-social,2017-07-21 14:41:19 EEST,51.3327468,12.3714211,GERMANY
Spanish,Graffiti,Politico-social,Graffiti; Politico-social,2017-07-21 15:11:35 EEST,51.3322401,12.3678987,GERMANY
English,Poster,Shopping,Poster; Shopping,2017-07-21 15:14:51 EEST,51.3442384,12.38231002,GERMANY
"English,French",Signage,,Signage; ,2017-07-21 15:16:40 EEST,51.3444598,12.38211392,GERMANY
"English,French",Signage,,Signage; ,2017-07-21 15:18:01 EEST,51.34439731,12.38207789,GERMANY
English,Signage,,Signage; ,2017-07-21 15:19:08 EEST,51.34487844,12.38252345,GERMANY
"French,English",Signage,,Signage; ,2017-07-21 15:21:42 EEST,51.34476342,12.3818678,GERMANY
"English,French",Signage,,Signage; ,2017-07-21 15:23:27 EEST,51.34449348,12.38221603,GERMANY
English,Signage,Service,Signage; Service,2017-07-21 14:42:36 EEST,,,GERMANY
Spanish,Sticker,Politico-social,Sticker; Politico-social,2017-07-21 17:05:40 EEST,51.3319793,12.3686847,GERMANY
English,Graffiti,Politico-social,Graffiti; Politico-social,2017-07-21 17:06:28 EEST,51.331948,12.368685,GERMANY
Spanish,Graffiti,Inspirational,Graffiti; Inspirational,2017-07-21 17:07:27 EEST,51.3319565,12.3687032,GERMANY
English,Graffiti,Politico-social,Graffiti; Politico-social,2017-07-21 17:16:53 EEST,51.33219,12.3675895,GERMANY
English,Graffiti,Politico-social,Graffiti; Politico-social,2017-07-21 17:17:24 EEST,51.3321845,12.367544,GERMANY
English,Sticker,Politico-social,Sticker; Politico-social,2017-07-21 14:41:30 EEST,51.3328188,12.3714212,GERMANY
Unknown,Poster,Culture,Poster; Culture,2017-07-21 19:54:26 EEST,51.32806796,12.37370384,GERMANY
English,Poster,Entertainment,Poster; Entertainment,2017-07-21 19:55:22 EEST,51.32770343,12.37376201,GERMANY
French,Signage,Food,Signage; Food,2017-07-21 19:56:43 EEST,51.3267766,12.37401179,GERMANY
Denglish,Signage,Service,Signage; Service,2017-07-21 20:00:38 EEST,51.32554451,12.3755285,GERMANY
"Denglish,English",Poster,"Politico-social,Entertainment","Poster; Politico-social,Entertainment",2017-07-21 20:02:31 EEST,51.3245072,12.37684186,GERMANY
Denglish,Sticker,Entertainment,Sticker; Entertainment,2017-07-21 20:03:41 EEST,51.32396686,12.37686331,GERMANY
Unknown,Graffiti,Politico-social,Graffiti; Politico-social,2017-07-21 20:06:01 EEST,51.3242684,12.37576847,GERMANY
English,Sticker,Politico-social,Sticker; Politico-social,2017-07-21 20:07:00 EEST,51.32430905,12.37501401,GERMANY
English,Graffiti,"Culture,Inspirational","Graffiti; Culture,Inspirational",2017-07-21 20:07:45 EEST,51.3242956,12.37467748,GERMANY
Italian,Signage,Food,Signage; Food,2017-07-21 20:10:02 EEST,51.32373741,12.3733741,GERMANY
English,Signage,Food,Signage; Food,2017-07-21 21:58:42 EEST,51.34141944,12.3783414,GERMANY
Hebrew,Graffiti,Politico-social,Graffiti; Politico-social,2017-07-21 19:14:17 EEST,51.3366421,12.3287144,GERMANY
English,Graffiti,Inspirational,Graffiti; Inspirational,2017-07-21 19:24:42 EEST,51.333883,12.3266838,GERMANY
Hebrew,Graffiti,Inspirational,Graffiti; Inspirational,2017-07-21 19:28:22 EEST,51.3341035,12.3291351,GERMANY
English,Graffiti,Politico-social,Graffiti; Politico-social,2017-07-21 19:31:24 EEST,51.3326091,12.3296977,GERMANY
Arabic,Signage,Food,Signage; Food,2017-07-21 20:22:32 EEST,51.3317923,12.336381,GERMANY
English,Billboard,Service,Billboard; Service,2017-07-21 23:51:44 EEST,51.33886046,12.37623869,GERMANY
Denglish,Billboard,Service,Billboard; Service,2017-07-21 23:52:27 EEST,51.33894805,12.37633324,GERMANY
English,Billboard,Service,Billboard; Service,2017-07-21 23:53:38 EEST,51.3393474,12.37654681,GERMANY
Arabic,Note,Food,Note; Food,2017-07-21 22:08:14 EEST,51.34349758,12.38634278,GERMANY
Unknown,Inscription,Culture,Inscription; Culture,2017-07-21 23:37:49 EEST,51.34106351,12.38595785,GERMANY
Arabic,Poster,"Culture,Politico-social","Poster; Culture,Politico-social",2017-07-22 09:40:29 EEST,51.33779493,12.38603196,GERMANY
English,Sticker,Inspirational,Sticker; Inspirational,2017-07-22 09:43:49 EEST,51.33735567,12.38456992,GERMANY
English,Graffiti,Inspirational,Graffiti; Inspirational,2017-07-22 09:56:42 EEST,51.33353016,12.38010006,GERMANY
French,Sticker,Politico-social,Sticker; Politico-social,2017-07-22 09:58:59 EEST,51.33245782,12.37824546,GERMANY
Japanese,Signage,Shopping,Signage; Shopping,2017-07-22 10:04:48 EEST,51.33290537,12.37611151,GERMANY
"English,Japanese",Poster,Culture,Poster; Culture,2017-07-20 17:18:06 EEST,51.3310593,12.3714539,GERMANY
Spanish,Poster,Culture,Poster; Culture,2017-07-20 17:19:15 EEST,51.3308377,12.3715811,GERMANY
English,Graffiti,Politico-social,Graffiti; Politico-social,2017-07-22 14:20:54 EEST,51.3382471,12.37844584,GERMANY
"Arabic,Chinese,English,French,Italian,Russian,Spanish",Signage,Food,Signage; Food,2017-07-22 14:41:46 EEST,51.337603,12.3784981,GERMANY
Turkish,Signage,Food,Signage; Food,2017-07-22 14:53:07 EEST,51.33636901,12.37530863,GERMANY
"Arabic,French",Sticker,"Politico-social,Service","Sticker; Politico-social,Service",2017-07-22 15:19:30 EEST,51.33285176,12.37332592,GERMANY
Arabic,Poster,"Politico-social,Culture","Poster; Politico-social,Culture",2017-07-22 17:03:32 EEST,51.3319858,12.3684296,GERMANY
Denglish,Signage,Entertainment,Signage; Entertainment,2017-07-22 18:28:14 EEST,51.33224217,12.37380247,GERMANY
Unknown,Signage,Food,Signage; Food,2017-07-22 18:33:41 EEST,51.32997668,12.37350583,GERMANY
Vietnamese,Signage,Food,Signage; Food,2017-07-22 18:34:28 EEST,51.33144794,12.37371058,GERMANY
English,Graffiti,Inspirational,Graffiti; Inspirational,2017-07-22 18:41:59 EEST,51.32669241,12.37359863,GERMANY
English,Sticker,Inspirational,Sticker; Inspirational,2017-07-22 18:45:22 EEST,51.32673378,12.37343647,GERMANY
"English,French,Italian",Sticker,,Sticker; ,2017-07-21 15:35:01 EEST,51.34549171,12.38492171,GERMANY
English,Sticker,Politico-social,Sticker; Politico-social,2017-07-22 18:45:54 EEST,51.33196321,12.36768168,GERMANY
English,Sticker,Politico-social,Sticker; Politico-social,2017-07-22 18:46:43 EEST,51.33200225,12.36753042,GERMANY
English,Sticker,Politico-social,Sticker; Politico-social,2017-07-22 18:48:16 EEST,51.33192206,12.36745677,GERMANY
Latin,Inscription,,Inscription; ,2017-07-22 18:50:16 EEST,51.33234845,12.36784168,GERMANY
Latin,Inscription,,Inscription; ,2017-07-22 18:52:06 EEST,51.33288362,12.36701618,GERMANY
English,,Culture,; Culture,2017-07-22 18:53:38 EEST,51.33350136,12.36689917,GERMANY
"English,Japanese",Poster,Entertainment,Poster; Entertainment,2017-07-22 18:57:15 EEST,51.33466104,12.36685025,GERMANY
English,Sticker,Politico-social,Sticker; Politico-social,2017-07-22 19:12:02 EEST,51.336948,12.36694769,GERMANY
Denglish,Signage,,Signage; ,2017-07-22 19:14:07 EEST,51.33775208,12.36797288,GERMANY
"English,French",Signage,Shopping,Signage; Shopping,2017-07-22 19:16:28 EEST,51.33819301,12.36856484,GERMANY
English,Signage,Shopping,Signage; Shopping,2017-07-22 19:17:12 EEST,51.33820126,12.3686254,GERMANY
Spanish,Signage,Food,Signage; Food,2017-07-22 19:22:03 EEST,51.34016829,12.37038327,GERMANY
English,Signage,Education,Signage; Education,2017-07-22 19:22:54 EEST,51.34005724,12.37004205,GERMANY
Spanish,Signage,Food,Signage; Food,2017-07-22 19:23:31 EEST,51.34004202,12.36997672,GERMANY
English,Signage,Food,Signage; Food,2017-07-22 19:24:37 EEST,51.34015032,12.36981456,GERMANY
English,Signage,Food,Signage; Food,2017-07-22 19:26:17 EEST,51.34032779,12.3692757,GERMANY
"English,French,Arabic,Russian,Chinese",Signage,Education,Signage; Education,2017-07-22 19:27:59 EEST,51.3407006,12.36861191,GERMANY
English,Signage,Shopping,Signage; Shopping,2017-07-22 19:30:14 EEST,51.34068526,12.36813974,GERMANY
English,Signage,Shopping,Signage; Shopping,2017-07-22 19:31:31 EEST,51.34074096,12.36806279,GERMANY
English,Signage,Shopping,Signage; Shopping,2017-07-22 19:32:11 EEST,51.34079889,12.36802456,GERMANY
English,Signage,Food,Signage; Food,2017-07-22 19:34:09 EEST,51.34073763,12.36801843,GERMANY
English,Signage,Food,Signage; Food,2017-07-22 19:35:06 EEST,51.34093184,12.3680924,GERMANY
English,Signage,Shopping,Signage; Shopping,2017-07-22 19:36:16 EEST,51.34088706,12.3678846,GERMANY
English,Signage,Shopping,Signage; Shopping,2017-07-22 19:37:10 EEST,51.34092719,12.36768766,GERMANY
English,Signage,Shopping,Signage; Shopping,2017-07-22 19:37:57 EEST,51.34087164,12.36751344,GERMANY
Vietnamese,Signage,Food,Signage; Food,2017-07-22 19:38:34 EEST,51.34089253,12.3676173,GERMANY
English,Signage,Food,Signage; Food,2017-07-22 19:39:49 EEST,51.34101834,12.3678494,GERMANY
English,Signage,"Food,Entertainment","Signage; Food,Entertainment",2017-07-22 19:40:58 EEST,51.34110024,12.36748844,GERMANY
Italian,Signage,Food,Signage; Food,2017-07-22 19:43:26 EEST,51.34152203,12.3665302,GERMANY
French,Signage,Food,Signage; Food,2017-07-21 20:11:11 EEST,51.32320055,12.37338239,GERMANY
English,Signage,Service,Signage; Service,2017-07-21 20:12:30 EEST,51.3226385,12.37338499,GERMANY
Denglish,Signage,Service,Signage; Service,2017-07-21 20:14:24 EEST,51.32166025,12.37334065,GERMANY
Arabic,Signage,Food,Signage; Food,2017-07-21 20:15:05 EEST,51.32130485,12.37345741,GERMANY
Turkish,Signage,Food,Signage; Food,2017-07-21 20:15:52 EEST,51.32110352,12.37340184,GERMANY
English,Signage,Service,Signage; Service,2017-07-21 20:16:54 EEST,51.32087524,12.37355481,GERMANY
Denglish,Signage,Shopping,Signage; Shopping,2017-07-21 20:18:38 EEST,51.32163317,12.37387684,GERMANY
English,Signage,Shopping,Signage; Shopping,2017-07-21 20:19:44 EEST,51.32190588,12.37364994,GERMANY
"Spanish,Italian,Unknown",Signage,Shopping,Signage; Shopping,2017-07-21 20:20:26 EEST,51.32203253,12.37402168,GERMANY
Spanish,Signage,Food,Signage; Food,2017-07-21 20:21:46 EEST,51.32209678,12.37374776,GERMANY
Denglish,Poster,Entertainment,Poster; Entertainment,2017-07-21 20:22:31 EEST,51.32237451,12.37372697,GERMANY
English,Note,Inspirational,Note; Inspirational,2017-07-21 20:23:10 EEST,51.322545,12.37367802,GERMANY
English,Signage,Food,Signage; Food,2017-07-21 20:24:02 EEST,51.32310374,12.37374734,GERMANY
Italian,Signage,Food,Signage; Food,2017-07-21 20:24:50 EEST,51.32354882,12.37376142,GERMANY
Italian,Signage,Shopping,Signage; Shopping,2017-07-21 20:26:12 EEST,51.32450469,12.37387609,GERMANY
English,Signage,Shopping,Signage; Shopping,2017-07-21 20:26:45 EEST,51.3244466,12.37380224,GERMANY
Vietnamese,Billboard,Food,Billboard; Food,2017-07-21 20:27:44 EEST,51.32501502,12.3738258,GERMANY
Turkish,Signage,Food,Signage; Food,2017-07-21 20:28:19 EEST,51.32512537,12.37387005,GERMANY
English,Signage,Service,Signage; Service,2017-07-21 20:32:04 EEST,51.32788352,12.37371943,GERMANY
,Signage,Shopping,Signage; Shopping,2017-07-21 20:39:12 EEST,51.33135065,12.37326832,GERMANY
"Arabic,Turkish,French",Signage,Food,Signage; Food,2017-07-21 20:49:53 EEST,51.33766817,12.37353243,GERMANY
English,Signage,Service,Signage; Service,2017-07-22 10:03:17 EEST,51.32876437,12.37255921,GERMANY
Vietnamese,Signage,Food,Signage; Food,2017-07-22 21:53:20 EEST,51.32992204,12.37358934,GERMANY
Hebrew,Inscription,,Inscription; ,2017-07-22 22:04:32 EEST,51.3411788,12.373452,GERMANY
"Chinese,English",Billboard,Culture,Billboard; Culture,2017-07-22 22:18:59 EEST,51.3345017,12.3657047,GERMANY
English,Poster,Shopping,Poster; Shopping,2017-07-21 23:52:54 EEST,,,GERMANY
English,Signage,Shopping,Signage; Shopping,2017-07-21 23:54:42 EEST,,,GERMANY
Unknown,Signage,Service,Signage; Service,2017-07-22 14:16:53 EEST,,,GERMANY
Italian,Billboard,Service,Billboard; Service,2017-07-23 01:28:20 EEST,,,GERMANY
English,Billboard,Shopping,Billboard; Shopping,2017-07-23 01:37:03 EEST,,,GERMANY
Chinese,Billboard,Service,Billboard; Service,2017-07-23 01:38:14 EEST,,,GERMANY
"Denglish,Italian",Billboard,Culture,Billboard; Culture,2017-07-23 06:34:04 EEST,,,GERMANY
Italian,Signage,Shopping,Signage; Shopping,2017-07-23 13:19:31 EEST,,,GERMANY
English,Poster,Shopping,Poster; Shopping,2017-07-23 13:20:45 EEST,,,GERMANY
English,Signage,Shopping,Signage; Shopping,2017-07-23 13:21:26 EEST,,,GERMANY
Denglish,Poster,Shopping,Poster; Shopping,2017-07-23 13:22:31 EEST,,,GERMANY
English,Signage,Food,Signage; Food,2017-07-23 13:23:30 EEST,,,GERMANY
English,Signage,Shopping,Signage; Shopping,2017-07-23 13:30:25 EEST,,,GERMANY
"English,Italian",Poster,Food,Poster; Food,2017-07-23 13:31:24 EEST,,,GERMANY
French,Sticker,Shopping,Sticker; Shopping,2017-07-23 13:32:53 EEST,,,GERMANY
"English,Denglish",Signage,Shopping,Signage; Shopping,2017-07-23 13:21:34 EEST,51.34130042,12.39395566,GERMANY
English,Graffiti,Politico-social,Graffiti; Politico-social,2017-07-23 13:22:59 EEST,51.34109684,12.39331642,GERMANY
English,Graffiti,Culture,Graffiti; Culture,2017-07-23 13:24:37 EEST,51.34036209,12.39388268,GERMANY
English,Sticker,Politico-social,Sticker; Politico-social,2017-07-23 13:37:31 EEST,51.3433581,12.39661062,GERMANY
English,Sticker,Politico-social,Sticker; Politico-social,2017-07-23 13:39:02 EEST,51.34400273,12.39734638,GERMANY
English,Graffiti,Politico-social,Graffiti; Politico-social,2017-07-23 13:40:11 EEST,51.34429136,12.3980397,GERMANY
English,Graffiti,Inspirational,Graffiti; Inspirational,2017-07-23 13:41:57 EEST,51.34523139,12.39882353,GERMANY
Latin,Signage,Education,Signage; Education,2017-07-23 13:42:54 EEST,51.34563921,12.39989583,GERMANY
Arabic,Signage,Shopping,Signage; Shopping,2017-07-23 13:45:29 EEST,51.34583402,12.40030894,GERMANY
Arabic,Billboard,Shopping,Billboard; Shopping,2017-07-23 13:52:20 EEST,51.3459734,12.40039288,GERMANY
Vietnamese,Signage,Food,Signage; Food,2017-07-23 14:14:00 EEST,51.34559084,12.405393,GERMANY
Arabic,Signage,Food,Signage; Food,2017-07-23 14:01:50 EEST,51.34558861,12.40541392,GERMANY
Arabic,Graffiti,Inspirational,Graffiti; Inspirational,2017-07-23 14:01:02 EEST,51.34559379,12.40472772,GERMANY
Arabic,Signage,Food,Signage; Food,2017-07-23 14:00:25 EEST,51.34556961,12.40478012,GERMANY
Arabic,Signage,Shopping,Signage; Shopping,2017-07-23 13:59:33 EEST,51.34555046,12.4044954,GERMANY
Arabic,Signage,Service,Signage; Service,2017-07-23 13:58:47 EEST,51.34556981,12.40399995,GERMANY
"Arabic,English",Poster,Shopping,Poster; Shopping,2017-07-23 13:58:29 EEST,51.34558853,12.40396776,GERMANY
Arabic,Signage,Food,Signage; Food,2017-07-23 13:58:01 EEST,51.34560731,12.40386023,GERMANY
Arabic,Signage,Service,Signage; Service,2017-07-23 13:56:05 EEST,51.34580485,12.4022613,GERMANY
Arabic,Signage,Service,Signage; Service,2017-07-23 13:55:14 EEST,51.34575128,12.40189479,GERMANY
"Arabic,English,Turkish",Signage,Service,Signage; Service,2017-07-23 13:54:47 EEST,51.34575002,12.40199173,GERMANY
Arabic,Signage,Service,Signage; Service,2017-07-23 13:54:33 EEST,51.34570511,12.40207148,GERMANY
Arabic,Signage,Food,Signage; Food,2017-07-23 14:43:13 EEST,51.34568358,12.40597592,GERMANY
Turkish,Signage,Food,Signage; Food,2017-07-23 14:45:47 EEST,51.34549614,12.40684096,GERMANY
Arabic,Signage,Food,Signage; Food,2017-07-23 14:46:27 EEST,51.3454831,12.40693027,GERMANY
Arabic,Signage,Shopping,Signage; Shopping,2017-07-23 14:47:51 EEST,51.34542397,12.40753756,GERMANY
Turkish,Sticker,Politico-social,Sticker; Politico-social,2017-07-23 14:49:07 EEST,51.34538369,12.40730587,GERMANY
Arabic,Signage,Shopping,Signage; Shopping,2017-07-23 14:50:05 EEST,51.34541674,12.40739453,GERMANY
Arabic,Signage,Food,Signage; Food,2017-07-23 14:51:27 EEST,51.34543986,12.40799282,GERMANY
Arabic,Signage,Food,Signage; Food,2017-07-23 14:53:05 EEST,51.34541881,12.40855429,GERMANY
Arabic,Graffiti,Politico-social,Graffiti; Politico-social,2017-07-23 14:53:49 EEST,51.34540557,12.40872533,GERMANY
Russian,Signage,"Service,Culture","Signage; Service,Culture",2017-07-23 14:55:00 EEST,51.34529322,12.40925507,GERMANY
Turkish,Signage,Service,Signage; Service,2017-07-23 14:56:02 EEST,51.34535666,12.40949998,GERMANY
Russian,Signage,Shopping,Signage; Shopping,2017-07-23 14:56:52 EEST,51.34534937,12.40968794,GERMANY
Russian,Signage,Shopping,Signage; Shopping,2017-07-23 14:57:54 EEST,51.34536036,12.40986449,GERMANY
Russian,Sticker,,Sticker; ,2017-07-23 14:58:24 EEST,51.34535265,12.40986572,GERMANY
Arabic,Signage,,Signage; ,2017-07-23 14:59:42 EEST,51.34532413,12.41049103,GERMANY
Arabic,Signage,Food,Signage; Food,2017-07-23 15:00:17 EEST,51.34532707,12.41050054,GERMANY
"Arabic,English,French",Signage,Food,Signage; Food,2017-07-23 15:08:07 EEST,51.34534161,12.41066197,GERMANY
English,Graffiti,Inspirational,Graffiti; Inspirational,2017-07-23 15:21:45 EEST,51.34531254,12.41047299,GERMANY
Arabic,Signage,Service,Signage; Service,2017-07-23 15:27:09 EEST,51.34524814,12.4109153,GERMANY
English,Graffiti,"Culture,Inspirational","Graffiti; Culture,Inspirational",2017-07-23 15:29:24 EEST,51.34523032,12.41219386,GERMANY
"Turkish,Russian",Signage,Service,Signage; Service,2017-07-23 15:31:19 EEST,51.34516865,12.41351332,GERMANY
Arabic,Signage,Service,Signage; Service,2017-07-23 15:31:54 EEST,51.34514473,12.41392418,GERMANY
English,Sticker,Politico-social,Sticker; Politico-social,2017-07-23 15:35:05 EEST,51.3451434,12.41426733,GERMANY
English,Graffiti,Politico-social,Graffiti; Politico-social,2017-07-23 15:35:56 EEST,51.34513862,12.41382351,GERMANY
English,Poster,Culture,Poster; Culture,2017-07-23 15:36:44 EEST,51.34504118,12.41363095,GERMANY
"Arabic,Russian,Vietnamese,Spanish",Signage,Service,Signage; Service,2017-07-23 15:37:52 EEST,51.34517552,12.41319461,GERMANY
Arabic,Signage,Food,Signage; Food,2017-07-23 15:39:32 EEST,51.34519105,12.41303377,GERMANY
English,Sticker,Politico-social,Sticker; Politico-social,2017-07-23 15:40:45 EEST,51.34520198,12.41275919,GERMANY
English,Sticker,Politico-social,Sticker; Politico-social,2017-07-23 15:41:12 EEST,51.3451868,12.41261354,GERMANY
Arabic,Poster,Service,Poster; Service,2017-07-23 15:42:35 EEST,51.34521175,12.41238412,GERMANY
Arabic,Signage,Service,Signage; Service,2017-07-23 15:45:03 EEST,51.34521679,12.41214923,GERMANY
Arabic,Note,Service,Note; Service,2017-07-23 15:45:51 EEST,51.34519526,12.41194156,GERMANY
"Arabic,Turkish",Signage,Shopping,Signage; Shopping,2017-07-23 15:46:48 EEST,51.34523301,12.41202477,GERMANY
English,Poster,Politico-social,Poster; Politico-social,2017-07-23 15:48:08 EEST,51.34528206,12.41143089,GERMANY
Denglish,Signage,Food,Signage; Food,2017-07-23 15:49:54 EEST,51.34531884,12.41033135,GERMANY
English,Graffiti,Politico-social,Graffiti; Politico-social,2017-07-23 15:51:23 EEST,51.34533515,12.41016755,GERMANY
,Poster,Politico-social,Poster; Politico-social,2017-07-23 15:54:31 EEST,51.34551443,12.40891015,GERMANY
English,Sticker,Politico-social,Sticker; Politico-social,2017-07-23 15:55:49 EEST,51.345379,12.40877454,GERMANY
English,Sticker,Politico-social,Sticker; Politico-social,2017-07-23 15:56:10 EEST,51.34534316,12.409576,GERMANY
,Signage,Entertainment,Signage; Entertainment,2017-07-23 15:57:54 EEST,51.34541468,12.40860581,GERMANY
English,Graffiti,Inspirational,Graffiti; Inspirational,2017-07-23 15:59:23 EEST,51.34540572,12.40873474,GERMANY
"Arabic,Turkish,Unknown",Note,,Note; ,2017-07-23 16:01:08 EEST,51.34536252,12.40862986,GERMANY
Turkish,Signage,Food,Signage; Food,2017-07-23 16:07:18 EEST,51.34556924,12.40497753,GERMANY
"Arabic,English,Russian,French,Unknown,Turkish",Signage,Food,Signage; Food,2017-07-23 16:17:26 EEST,51.34598806,12.39792837,GERMANY
Arabic,Note,Food,Note; Food,2017-07-23 16:19:23 EEST,51.34602202,12.39798045,GERMANY
Arabic,Signage,Food,Signage; Food,2017-07-23 16:21:51 EEST,51.34606693,12.39617116,GERMANY
,Sticker,Politico-social,Sticker; Politico-social,2017-07-23 16:37:29 EEST,51.34103368,12.38627161,GERMANY
English,Signage,Culture,Signage; Culture,2017-07-23 16:39:02 EEST,51.34098926,12.38745705,GERMANY
Arabic,Signage,Food,Signage; Food,2017-07-23 16:22:59 EEST,51.34594989,12.39560816,GERMANY
"Arabic,English",Signage,Service,Signage; Service,2017-07-23 16:15:42 EEST,51.34586591,12.3992339,GERMANY
Vietnamese,Signage,,Signage; ,2017-07-23 16:15:23 EEST,51.34582638,12.40070312,GERMANY
English,Sticker,Politico-social,Sticker; Politico-social,2017-07-23 16:09:48 EEST,51.3455615,12.40428895,GERMANY
English,Sticker,Politico-social,Sticker; Politico-social,2017-07-23 16:08:58 EEST,51.34553789,12.40466126,GERMANY
English,Sticker,Culture,Sticker; Culture,2017-07-23 16:08:45 EEST,51.34557111,12.40456193,GERMANY
"Arabic,Chinese,Turkish,French,Vietnamese",Signage,Food,Signage; Food,2017-07-23 16:06:57 EEST,51.34557744,12.40511944,GERMANY
English,Graffiti,Politico-social,Graffiti; Politico-social,2017-07-23 16:05:09 EEST,51.34558585,12.40594387,GERMANY
English,Poster,Service,Poster; Service,2017-07-23 15:56:45 EEST,51.34534386,12.40901557,GERMANY
English,Poster,Service,Poster; Service,2017-07-23 15:43:58 EEST,51.34521482,12.41245509,GERMANY
Japanese,Note,,Note; ,2017-07-23 15:43:43 EEST,51.3452227,12.41232962,GERMANY
Japanese,Note,Service,Note; Service,2017-07-23 15:43:28 EEST,51.34520472,12.41258896,GERMANY
Italian,Sticker,Politico-social,Sticker; Politico-social,2017-07-23 15:42:08 EEST,51.34521193,12.41254094,GERMANY
English,Sticker,Entertainment,Sticker; Entertainment,2017-07-23 15:41:54 EEST,51.34520343,12.41267615,GERMANY
Turkish,Signage,Food,Signage; Food,2017-07-23 14:52:21 EEST,51.34543231,12.40858243,GERMANY
English,Poster,Entertainment,Poster; Entertainment,2017-07-23 15:53:56 EEST,51.3382712,12.3426117,GERMANY
English,Signage,Service,Signage; Service,2017-07-23 16:05:10 EEST,51.3404768,12.3363995,GERMANY
English,Graffiti,,Graffiti; ,2017-07-23 16:29:50 EEST,51.3605938,12.3355122,GERMANY
English,Sticker,Politico-social,Sticker; Politico-social,2017-07-23 16:37:08 EEST,51.361396,12.3394723,GERMANY
Arabic,Graffiti,,Graffiti; ,2017-07-23 16:44:38 EEST,51.3618331,12.3525293,GERMANY
English,Sticker,"Shopping,Service","Sticker; Shopping,Service",2017-07-23 16:49:52 EEST,51.3585041,12.3593321,GERMANY
English,Sticker,Politico-social,Sticker; Politico-social,2017-07-23 17:01:37 EEST,51.346804,12.3563133,GERMANY
English,Signage,Shopping,Signage; Shopping,2017-07-23 17:08:56 EEST,51.3442488,12.3580969,GERMANY
"English,Italian",Signage,Food,Signage; Food,2017-07-23 17:14:04 EEST,51.3445524,12.3647463,GERMANY
English,Sticker,Politico-social,Sticker; Politico-social,2017-07-23 17:53:11 EEST,51.32832851,12.37409058,GERMANY
English,Poster,Entertainment,Poster; Entertainment,2017-07-23 17:57:19 EEST,51.32796118,12.37770997,GERMANY
English,Graffiti,Politico-social,Graffiti; Politico-social,2017-07-23 17:58:52 EEST,51.32709989,12.37917825,GERMANY
Spanish,Signage,Food,Signage; Food,2017-07-23 18:02:37 EEST,51.32614419,12.38172974,GERMANY
English,Signage,Education,Signage; Education,2017-07-23 18:03:22 EEST,51.32610341,12.38123833,GERMANY
English,Signage,Entertainment,Signage; Entertainment,2017-07-23 18:05:59 EEST,51.32606857,12.3792219,GERMANY
English,Billboard,Shopping,Billboard; Shopping,2017-07-23 18:07:27 EEST,51.32515341,12.37893264,GERMANY
Arabic,Signage,Food,Signage; Food,2017-07-23 18:09:08 EEST,51.32461793,12.37850918,GERMANY
Denglish,Poster,Service,Poster; Service,2017-07-23 18:10:12 EEST,51.3241477,12.37828296,GERMANY
Chinese,Signage,Service,Signage; Service,2017-07-23 18:11:06 EEST,51.32431903,12.37783025,GERMANY
English,Poster,Entertainment,Poster; Entertainment,2017-07-23 18:12:22 EEST,51.32425859,12.37612481,GERMANY
English,Sticker,Inspirational,Sticker; Inspirational,2017-07-23 18:15:08 EEST,51.32318659,12.37680899,GERMANY
English,Sticker,Politico-social,Sticker; Politico-social,2017-07-23 18:15:48 EEST,51.3231376,12.37606913,GERMANY
English,Note,Food,Note; Food,2017-07-23 18:18:46 EEST,51.32258025,12.37382747,GERMANY
English,Billboard,Shopping,Billboard; Shopping,2017-07-23 18:21:48 EEST,51.3219099,12.37656718,GERMANY
Italian,Signage,Food,Signage; Food,2017-07-23 18:23:47 EEST,51.32161209,12.37860049,GERMANY
English,Signage,Shopping,Signage; Shopping,2017-07-23 18:25:16 EEST,51.32079537,12.37848829,GERMANY
,Signage,Food,Signage; Food,2017-07-23 18:26:25 EEST,51.32067475,12.37809788,GERMANY
"Italian,English",Signage,Service,Signage; Service,2017-07-23 18:27:26 EEST,51.32054742,12.37772883,GERMANY
English,Signage,Shopping,Signage; Shopping,2017-07-23 18:29:02 EEST,51.3195945,12.37811702,GERMANY
English,Sticker,Politico-social,Sticker; Politico-social,2017-07-23 18:29:59 EEST,51.32127598,12.37665033,GERMANY
Italian,Graffiti,Inspirational,Graffiti; Inspirational,2017-07-23 18:30:31 EEST,51.32118449,12.37670749,GERMANY
English,Signage,Service,Signage; Service,2017-07-23 18:32:35 EEST,51.32051687,12.37525617,GERMANY
English,Signage,Service,Signage; Service,2017-07-23 18:33:27 EEST,51.32051511,12.37463373,GERMANY
"English,Vietnamese",Signage,Service,Signage; Service,2017-07-23 18:34:51 EEST,51.32055438,12.37578934,GERMANY
English,Poster,Entertainment,Poster; Entertainment,2017-07-23 18:37:49 EEST,51.31966967,12.3771592,GERMANY
Latin,Graffiti,Politico-social,Graffiti; Politico-social,2017-07-23 18:39:17 EEST,51.31961867,12.37866802,GERMANY
English,Poster,Entertainment,Poster; Entertainment,2017-07-23 18:39:48 EEST,51.31966603,12.37884379,GERMANY
English,Poster,Service,Poster; Service,2017-07-23 18:44:18 EEST,51.31843323,12.38271286,GERMANY
English,Signage,Culture,Signage; Culture,2017-07-23 18:45:34 EEST,51.31753816,12.38293265,GERMANY
English,Sticker,"Entertainment,Inspirational","Sticker; Entertainment,Inspirational",2017-07-23 18:46:40 EEST,51.3169044,12.38224877,GERMANY
English,Signage,Food,Signage; Food,2017-07-23 18:47:58 EEST,51.31639429,12.38238488,GERMANY
English,Graffiti,"Politico-social,Inspirational","Graffiti; Politico-social,Inspirational",2017-07-23 18:52:58 EEST,51.31551378,12.37825268,GERMANY
Spanish,Signage,Service,Signage; Service,2017-07-23 18:56:34 EEST,51.31488407,12.37697597,GERMANY
English,Poster,Entertainment,Poster; Entertainment,2017-07-23 18:57:21 EEST,51.31496918,12.37645729,GERMANY
English,Poster,Culture,Poster; Culture,2017-07-23 19:03:21 EEST,51.31596621,12.37344819,GERMANY
English,Billboard,Shopping,Billboard; Shopping,2017-07-23 19:06:07 EEST,51.31759146,12.37367199,GERMANY
English,Signage,Shopping,Signage; Shopping,2017-07-23 19:09:03 EEST,51.31851703,12.36968553,GERMANY
English,Signage,Shopping,Signage; Shopping,2017-07-23 19:10:10 EEST,51.32046738,12.37365883,GERMANY
"Denglish,Spanish,Korean,Italian,Arabic,Unknown",Signage,Food,Signage; Food,2017-07-23 19:16:54 EEST,51.31789786,12.37335859,GERMANY
English,Signage,Food,Signage; Food,2017-07-23 19:19:36 EEST,51.31781945,12.37342346,GERMANY
"Arabic,Turkish",Signage,Food,Signage; Food,2017-07-23 19:20:46 EEST,51.31708863,12.37356705,GERMANY
English,Signage,Service,Signage; Service,2017-07-23 19:21:42 EEST,51.31711011,12.37341587,GERMANY
Spanish,Graffiti,Food,Graffiti; Food,2017-07-23 19:23:32 EEST,51.31645823,12.37341519,GERMANY
Denglish,Signage,Service,Signage; Service,2017-07-23 19:25:05 EEST,51.31562697,12.37338421,GERMANY
French,Poster,Shopping,Poster; Shopping,2017-07-23 19:25:34 EEST,51.31534662,12.37327192,GERMANY
English,Sticker,Entertainment,Sticker; Entertainment,2017-07-23 17:53:34 EEST,51.3382869,12.3848201,GERMANY
Arabic,Signage,Food,Signage; Food,2017-07-23 17:55:55 EEST,51.3375365,12.3847501,GERMANY
English,Signage,Food,Signage; Food,2017-07-23 17:56:51 EEST,51.3374064,12.3846054,GERMANY
English,Graffiti,Inspirational,Graffiti; Inspirational,2017-07-23 18:08:49 EEST,51.3310095,12.3804645,GERMANY
Latin,Sticker,Politico-social,Sticker; Politico-social,2017-07-23 18:19:55 EEST,51.3222079,12.3923782,GERMANY
English,Sticker,Politico-social,Sticker; Politico-social,2017-07-23 18:35:14 EEST,51.3148984,12.3884609,GERMANY
English,Graffiti,Politico-social,Graffiti; Politico-social,2017-07-23 18:48:07 EEST,51.3088301,12.3788146,GERMANY
English,Graffiti,Politico-social,Graffiti; Politico-social,2017-07-23 18:51:53 EEST,51.3066897,12.3810478,GERMANY
Russian,Sticker,Entertainment,Sticker; Entertainment,2017-07-23 19:29:16 EEST,51.3058968,12.3736985,GERMANY
English,Sticker,Politico-social,Sticker; Politico-social,2017-07-23 19:29:56 EEST,51.305903,12.3736961,GERMANY
English,Sticker,Politico-social,Sticker; Politico-social,2017-07-23 19:30:25 EEST,51.3059377,12.3738509,GERMANY
English,Poster,Entertainment,Poster; Entertainment,2017-07-23 19:32:29 EEST,51.31293875,12.37334099,GERMANY
English,Graffiti,Politico-social,Graffiti; Politico-social,2017-07-23 19:34:10 EEST,51.31199271,12.37281146,GERMANY
English,Poster,Entertainment,Poster; Entertainment,2017-07-23 19:46:59 EEST,51.28939369,12.36875885,GERMANY
Spanish,Graffiti,Politico-social,Graffiti; Politico-social,2017-07-23 22:35:36 EEST,51.28778697,12.37195336,GERMANY
English,Graffiti,Politico-social,Graffiti; Politico-social,2017-07-23 22:36:08 EEST,51.28765298,12.3719687,GERMANY
English,Sticker,Entertainment,Sticker; Entertainment,2017-07-23 19:45:22 EEST,51.332424,12.3706481,GERMANY
Italian,Sticker,Politico-social,Sticker; Politico-social,2017-07-24 09:43:05 EEST,51.32531147,12.37213701,GERMANY
Italian,Sticker,Politico-social,Sticker; Politico-social,2017-07-24 09:44:14 EEST,51.32533284,12.37164617,GERMANY
English,Signage,Shopping,Signage; Shopping,2017-07-24 09:47:49 EEST,51.32531796,12.36989703,GERMANY
English,Graffiti,Politico-social,Graffiti; Politico-social,2017-07-24 09:49:24 EEST,51.32543445,12.36728188,GERMANY
English,Sticker,Inspirational,Sticker; Inspirational,2017-07-24 09:55:09 EEST,51.32690458,12.36763526,GERMANY
English,Sticker,Politico-social,Sticker; Politico-social,2017-07-24 10:00:52 EEST,51.32976089,12.36667167,GERMANY
French,Signage,"Shopping,Food","Signage; Shopping,Food",2017-07-24 10:04:05 EEST,51.33129101,12.36636255,GERMANY
Italian,Signage,Food,Signage; Food,2017-07-24 10:06:10 EEST,51.33132243,12.36657545,GERMANY
Japanese,,Culture,; Culture,2017-07-21 21:21:28 EEST,51.3372785,12.3719131,GERMANY
Latin,Inscription,,Inscription; ,2017-07-21 21:29:01 EEST,,,GERMANY
English,Inscription,,Inscription; ,2017-07-21 21:31:23 EEST,,,GERMANY
English,Note,Shopping,Note; Shopping,2017-07-21 22:22:13 EEST,51.3374554,12.3733693,GERMANY
Latin,Inscription,,Inscription; ,2017-07-21 22:29:26 EEST,51.3396196,12.3780142,GERMANY
Denglish,Sticker,Entertainment,Sticker; Entertainment,2017-07-21 22:33:53 EEST,51.3396196,12.3780142,GERMANY
English,Signage,Shopping,Signage; Shopping,2017-07-21 22:41:40 EEST,51.3396886,12.378098,GERMANY
English,Sticker,Politico-social,Sticker; Politico-social,2017-07-24 12:17:44 EEST,51.33479684,12.37451029,GERMANY
Italian,Sticker,Politico-social,Sticker; Politico-social,2017-07-24 14:36:14 EEST,51.33238451,12.36246463,GERMANY
French,Sticker,Inspirational,Sticker; Inspirational,2017-07-24 14:37:55 EEST,51.33239687,12.36266211,GERMANY
English,Signage,Service,Signage; Service,2017-07-24 14:39:18 EEST,51.33132473,12.36280594,GERMANY
English,Sticker,Politico-social,Sticker; Politico-social,2017-07-24 14:41:49 EEST,51.33073503,12.36321229,GERMANY
English,Sticker,Politico-social,Sticker; Politico-social,2017-07-24 14:44:22 EEST,51.32966159,12.36348353,GERMANY
"English,Japanese",Poster,Entertainment,Poster; Entertainment,2017-07-24 14:45:45 EEST,51.32722407,12.36446556,GERMANY
English,Signage,Service,Signage; Service,2017-07-24 14:57:08 EEST,51.32349474,12.36560684,GERMANY
English,Sticker,Politico-social,Sticker; Politico-social,2017-07-24 15:00:07 EEST,51.32354042,12.36608494,GERMANY
Italian,Graffiti,Politico-social,Graffiti; Politico-social,2017-07-24 15:04:12 EEST,51.32238845,12.36709513,GERMANY
English,Signage,Service,Signage; Service,2017-07-24 15:05:39 EEST,51.32219799,12.36771673,GERMANY
"English,Unknown",Graffiti,Inspirational,Graffiti; Inspirational,2017-07-24 15:07:27 EEST,51.32202974,12.37292122,GERMANY
English,Sticker,Politico-social,Sticker; Politico-social,2017-07-24 15:10:23 EEST,51.32198511,12.37387676,GERMANY
English,Sticker,Politico-social,Sticker; Politico-social,2017-07-24 15:12:52 EEST,51.32209679,12.37198178,GERMANY
French,Sticker,Inspirational,Sticker; Inspirational,2017-07-24 14:51:01 EEST,51.3318479,12.3743442,GERMANY
English,Sticker,Inspirational,Sticker; Inspirational,2017-07-24 15:04:57 EEST,51.3314879,12.3718833,GERMANY
English,Sticker,Entertainment,Sticker; Entertainment,2017-07-24 15:05:45 EEST,51.3314682,12.3715002,GERMANY
English,Graffiti,Politico-social,Graffiti; Politico-social,2017-07-24 19:41:04 EEST,51.3324151,12.3682747,GERMANY
English,Sticker,Entertainment,Sticker; Entertainment,2017-07-24 19:41:38 EEST,51.3324151,12.3682747,GERMANY
English,Signage,Education,Signage; Education,2017-07-24 19:44:34 EEST,51.3324176,12.3682796,GERMANY
English,Sticker,Politico-social,Sticker; Politico-social,2017-07-24 22:36:31 EEST,51.3220824,12.372779,GERMANY
English,Sticker,,Sticker; ,2017-07-24 22:43:07 EEST,51.3230607,12.3767358,GERMANY
Italian,Sticker,,Sticker; ,2017-07-24 22:43:46 EEST,51.3230064,12.3767021,GERMANY
English,Sticker,Politico-social,Sticker; Politico-social,2017-07-24 22:48:56 EEST,51.325768,12.3769353,GERMANY
Arabic,Signage,Service,Signage; Service,2017-07-25 09:51:49 EEST,51.33441575,12.37506229,GERMANY
English,Sticker,Politico-social,Sticker; Politico-social,2017-07-25 18:46:39 EEST,51.32713378,12.3672916,GERMANY
English,Sticker,Entertainment,Sticker; Entertainment,2017-07-25 23:00:04 EEST,51.3271927,12.3734739,GERMANY
English,Signage,Entertainment,Signage; Entertainment,2017-07-26 19:30:55 EEST,51.32766611,12.33982728,GERMANY
English,Graffiti,Politico-social,Graffiti; Politico-social,2017-07-26 19:43:59 EEST,51.32742296,12.34027834,GERMANY
English,Graffiti,,Graffiti; ,2017-07-26 19:44:29 EEST,51.32713632,12.34071981,GERMANY
English,Graffiti,Politico-social,Graffiti; Politico-social,2017-07-26 19:45:09 EEST,51.32678415,12.34119001,GERMANY
English,Graffiti,,Graffiti; ,2017-07-26 19:42:46 EEST,51.3310666,12.3241788,GERMANY
English,Graffiti,,Graffiti; ,2017-07-26 19:48:19 EEST,51.32853011,12.33292848,GERMANY
English,Graffiti,,Graffiti; ,2017-07-26 19:29:04 EEST,,,GERMANY
English,Graffiti,Inspirational,Graffiti; Inspirational,2017-07-26 19:52:45 EEST,,,GERMANY
English,Graffiti,Inspirational,Graffiti; Inspirational,2017-07-26 20:27:47 EEST,,,GERMANY
English,Poster,Entertainment,Poster; Entertainment,2017-07-26 17:12:46 EEST,,,GERMANY
English,Sticker,Inspirational,Sticker; Inspirational,2017-07-27 14:56:09 EEST,51.3324647,12.3706454,GERMANY
"Arabic,Russian",Poster,Education,Poster; Education,2017-07-27 14:56:47 EEST,51.3323872,12.3702153,GERMANY
English,Sticker,Politico-social,Sticker; Politico-social,2017-07-26 20:31:32 EEST,51.33174624,12.36891552,GERMANY
English,Sticker,Politico-social,Sticker; Politico-social,2017-07-26 20:34:25 EEST,51.33569844,12.36077335,GERMANY
English,Graffiti,Inspirational,Graffiti; Inspirational,2017-07-26 20:31:48 EEST,51.33176602,12.36886085,GERMANY
English,Graffiti,Inspirational,Graffiti; Inspirational,2017-07-26 15:43:25 EEST,51.3292242,12.3632462,GERMANY
English,Signage,Education,Signage; Education,2017-07-26 16:21:41 EEST,51.3292058,12.3422663,GERMANY
English,,Education,; Education,2017-07-26 16:38:49 EEST,51.3293222,12.3433181,GERMANY
Hebrew,Poster,Education,Poster; Education,2017-07-26 16:45:07 EEST,51.3292319,12.3433341,GERMANY
English,Note,,Note; ,2017-07-26 16:55:56 EEST,51.3290519,12.3433641,GERMANY
English,Inscription,Politico-social,Inscription; Politico-social,2017-07-26 17:00:36 EEST,51.3291824,12.3433742,GERMANY
Russian,,,; ,2017-07-26 17:23:49 EEST,51.329345,12.3435019,GERMANY
English,Sticker,,Sticker; ,2017-07-26 17:32:42 EEST,51.3293758,12.343562,GERMANY
English,Poster,Education,Poster; Education,2017-07-26 17:35:30 EEST,51.3293318,12.343551,GERMANY
English,Inscription,,Inscription; ,2017-07-26 17:38:38 EEST,51.3293392,12.343505,GERMANY
English,Signage,Service,Signage; Service,2017-07-26 17:44:06 EEST,51.3291816,12.3432678,GERMANY
English,,"Education,Politico-social,Culture","; Education,Politico-social,Culture",2017-07-26 17:55:50 EEST,51.3287465,12.3438087,GERMANY
English,Sticker,Inspirational,Sticker; Inspirational,2017-07-26 18:06:12 EEST,51.3290947,12.3439746,GERMANY
Denglish,Billboard,Service,Billboard; Service,2017-07-26 20:21:24 EEST,51.3387945,12.3598248,GERMANY
Denglish,Note,,Note; ,2017-07-26 20:24:26 EEST,51.3403638,12.3586168,GERMANY
English,Poster,Shopping,Poster; Shopping,2017-07-27 01:18:21 EEST,51.331172,12.3742861,GERMANY
French,Sticker,Politico-social,Sticker; Politico-social,2017-07-31 16:46:28 EEST,51.33423507,12.3802631,GERMANY
French,,Food,; Food,2017-07-25 21:21:26 EEST,51.32738681,12.37367745,GERMANY